id,round_id,state,district,descr
1,317,Alabama,Birmingham,"Alabama\nBirmingham\nLeave opponent with no voters\nor collect 300 news, hype or money"
2,314,Alabama,Hoover,"Alabama\nHoover\nLeave opponent with no voters\nor collect 300 news, hype or money"
3,311,Alabama,Huntsville,"Alabama\nHuntsville\nLeave opponent with no voters\nor collect 300 news, hype or money"
4,308,Alabama,Mobile,"Alabama\nMobile\nLeave opponent with no voters\nor collect 300 news, hype or money"
5,305,Alabama,Montgomery,"Alabama\nMontgomery\nLeave opponent with no voters\nor collect 300 news, hype or money"
6,302,Alabama,Tuscaloosa,"Alabama\nTuscaloosa\nLeave opponent with no voters\nor collect 300 news, hype or money"
7,299,Alabama,Daphne,"Alabama\nDaphne\nLeave opponent with no voters\nor collect 300 news, hype or money"
8,296,Alabama,Fairhope,"Alabama\nFairhope\nLeave opponent with no voters\nor collect 300 news, hype or money"
9,293,Alabama,Foley,"Alabama\nFoley\nLeave opponent with no voters\nor collect 300 news, hype or money"
10,182,Alaska,Anchorage,"Alaska\nAnchorage\nLeave opponent with no voters\nor collect 300 news, hype or money"
11,174,Alaska,Fairbanks,"Alaska\nFairbanks\nLeave opponent with no voters\nor collect 300 news, hype or money"
12,166,Alaska,Juneau,"Alaska\nJuneau\nLeave opponent with no voters\nor collect 300 news, hype or money"
13,401,Arizona,Phoenix,"Arizona\nPhoenix\nLeave opponent with no voters\nor collect 300 news, hype or money"
14,397,Arizona,Mesa,"Arizona\nMesa\nLeave opponent with no voters\nor collect 300 news, hype or money"
15,393,Arizona,Scottsdale,"Arizona\nScottsdale\nLeave opponent with no voters\nor collect 300 news, hype or money"
16,389,Arizona,Tucson,"Arizona\nTucson\nLeave opponent with no voters\nor collect 300 news, hype or money"
17,385,Arizona,Prescott,"Arizona\nPrescott\nLeave opponent with no voters\nor collect 300 news, hype or money"
18,381,Arizona,Nogales,"Arizona\nNogales\nLeave opponent with no voters\nor collect 300 news, hype or money"
19,377,Arizona,Kingman,"Arizona\nKingman\nLeave opponent with no voters\nor collect 300 news, hype or money"
20,373,Arizona,Yuma,"Arizona\nYuma\nLeave opponent with no voters\nor collect 300 news, hype or money"
21,369,Arizona,Flagstaff,"Arizona\nFlagstaff\nLeave opponent with no voters\nor collect 300 news, hype or money"
22,365,Arizona,Sierra Vista,"Arizona\nSierra Vista\nLeave opponent with no voters\nor collect 300 news, hype or money"
23,361,Arizona,Douglas,"Arizona\nDouglas\nLeave opponent with no voters\nor collect 300 news, hype or money"
24,253,Arkansas,Little Rock,"Arkansas\nLittle Rock\nLeave opponent with no voters\nor collect 300 news, hype or money"
25,247,Arkansas,Conway,"Arkansas\nConway\nLeave opponent with no voters\nor collect 300 news, hype or money"
26,241,Arkansas,Fayetteville,"Arkansas\nFayetteville\nLeave opponent with no voters\nor collect 300 news, hype or money"
27,235,Arkansas,Fort Smith,"Arkansas\nFort Smith\nLeave opponent with no voters\nor collect 300 news, hype or money"
28,229,Arkansas,Jonesboro,"Arkansas\nJonesboro\nLeave opponent with no voters\nor collect 300 news, hype or money"
29,223,Arkansas,Pine Bluff,"Arkansas\nPine Bluff\nLeave opponent with no voters\nor collect 300 news, hype or money"
30,538,California,Los Angeles,"California\nLos Angeles\nLeave opponent with no voters\nor collect 300 news, hype or money"
31,158,California,Long Beach,"California\nLong Beach\nLeave opponent with no voters\nor collect 300 news, hype or money"
32,151,California,Anaheim,"California\nAnaheim\nLeave opponent with no voters\nor collect 300 news, hype or money"
33,144,California,San Francisco,"California\nSan Francisco\nLeave opponent with no voters\nor collect 300 news, hype or money"
34,137,California,Oakland,"California\nOakland\nLeave opponent with no voters\nor collect 300 news, hype or money"
35,130,California,Hayward,"California\nHayward\nLeave opponent with no voters\nor collect 300 news, hype or money"
36,123,California,Riverside,"California\nRiverside\nLeave opponent with no voters\nor collect 300 news, hype or money"
37,116,California,San Bernardino,"California\nSan Bernardino\nLeave opponent with no voters\nor collect 300 news, hype or money"
38,109,California,Ontario,"California\nOntario\nLeave opponent with no voters\nor collect 300 news, hype or money"
39,102,California,San Diego,"California\nSan Diego\nLeave opponent with no voters\nor collect 300 news, hype or money"
40,95,California,Carlsbad,"California\nCarlsbad\nLeave opponent with no voters\nor collect 100 news, hype or money"
41,88,California,Sacramento-Roseville-Arden,"California\nSacramento-Roseville-Arden\nLeave opponent with no voters\nor collect 100 news, hype or money"
42,81,California,Arcade,"California\nArcade\nLeave opponent with no voters\nor collect 100 news, hype or money"
43,75,California,San Jose,"California\nSan Jose\nLeave opponent with no voters\nor collect 100 news, hype or money"
44,70,California,Sunnyvale,"California\nSunnyvale\nLeave opponent with no voters\nor collect 100 news, hype or money"
45,66,California,Santa Clara,"California\nSanta Clara\nLeave opponent with no voters\nor collect 100 news, hype or money"
46,63,California,Fresno,"California\nFresno\nLeave opponent with no voters\nor collect 100 news, hype or money"
47,60,California,Bakersfield,"California\nBakersfield\nLeave opponent with no voters\nor collect 100 news, hype or money"
48,57,California,Oxnard,"California\nOxnard\nLeave opponent with no voters\nor collect 100 news, hype or money"
49,55,California,Thousand Oaks,"California\nThousand Oaks\nLeave opponent with no voters\nor collect 100 news, hype or money"
50,53,California,Ventura,"California\nVentura\nLeave opponent with no voters\nor collect 100 news, hype or money"
51,51,California,Stockton,"California\nStockton\nLeave opponent with no voters\nor collect 100 news, hype or money"
52,49,California,Lodi,"California\nLodi\nLeave opponent with no voters\nor collect 100 news, hype or money"
53,47,California,Modesto,"California\nModesto\nLeave opponent with no voters\nor collect 100 news, hype or money"
54,45,California,Santa Rosa,"California\nSanta Rosa\nLeave opponent with no voters\nor collect 100 news, hype or money"
55,43,California,Visalia,"California\nVisalia\nLeave opponent with no voters\nor collect 100 news, hype or money"
56,41,California,Porterville,"California\nPorterville\nLeave opponent with no voters\nor collect 100 news, hype or money"
57,39,California,Santa Maria,"California\nSanta Maria\nLeave opponent with no voters\nor collect 100 news, hype or money"
58,37,California,Santa Barbara,"California\nSanta Barbara\nLeave opponent with no voters\nor collect 100 news, hype or money"
59,35,California,Salinas,"California\nSalinas\nLeave opponent with no voters\nor collect 100 news, hype or money"
60,33,California,Vallejo,"California\nVallejo\nLeave opponent with no voters\nor collect 100 news, hype or money"
61,31,California,Fairfield,"California\nFairfield\nLeave opponent with no voters\nor collect 100 news, hype or money"
62,29,California,San Luis Obispo,"California\nSan Luis Obispo\nLeave opponent with no voters\nor collect 100 news, hype or money"
63,27,California,Paso Robles,"California\nPaso Robles\nLeave opponent with no voters\nor collect 100 news, hype or money"
64,25,California,Arroyo Grande,"California\nArroyo Grande\nLeave opponent with no voters\nor collect 100 news, hype or money"
65,23,California,Santa Cruz,"California\nSanta Cruz\nLeave opponent with no voters\nor collect 100 news, hype or money"
66,21,California,Watsonville,"California\nWatsonville\nLeave opponent with no voters\nor collect 100 news, hype or money"
67,19,California,Merced,"California\nMerced\nLeave opponent with no voters\nor collect 100 news, hype or money"
68,17,California,Chico,"California\nChico\nLeave opponent with no voters\nor collect 100 news, hype or money"
69,16,California,Redding,"California\nRedding\nLeave opponent with no voters\nor collect 100 news, hype or money"
70,15,California,El Centro,"California\nEl Centro\nLeave opponent with no voters\nor collect 100 news, hype or money"
71,14,California,Yuba City,"California\nYuba City\nLeave opponent with no voters\nor collect 100 news, hype or money"
72,13,California,Madera,"California\nMadera\nLeave opponent with no voters\nor collect 100 news, hype or money"
73,12,California,Hanford,"California\nHanford\nLeave opponent with no voters\nor collect 100 news, hype or money"
74,11,California,Corcoran,"California\nCorcoran\nLeave opponent with no voters\nor collect 100 news, hype or money"
75,10,California,Napa,"California\nNapa\nLeave opponent with no voters\nor collect 100 news, hype or money"
76,9,California,Eureka,"California\nEureka\nLeave opponent with no voters\nor collect 100 news, hype or money"
77,8,California,Arcata,"California\nArcata\nLeave opponent with no voters\nor collect 100 news, hype or money"
78,7,California,Fortuna,"California\nFortuna\nLeave opponent with no voters\nor collect 100 news, hype or money"
79,6,California,Truckee,"California\nTruckee\nLeave opponent with no voters\nor collect 100 news, hype or money"
80,5,California,Grass Valley,"California\nGrass Valley\nLeave opponent with no voters\nor collect 100 news, hype or money"
81,4,California,Ukiah,"California\nUkiah\nLeave opponent with no voters\nor collect 100 news, hype or money"
82,3,California,Clearlake,"California\nClearlake\nLeave opponent with no voters\nor collect 100 news, hype or money"
83,2,California,Red Bluff,"California\nRed Bluff\nLeave opponent with no voters\nor collect 100 news, hype or money"
84,1,California,Sonora,California\nSonora\nwin\n
85,316,Colorado,Denver,"Colorado\nDenver\nLeave opponent with no voters\nor collect 300 news, hype or money"
86,313,Colorado,Aurora,"Colorado\nAurora\nLeave opponent with no voters\nor collect 300 news, hype or money"
87,310,Colorado,Lakewood,"Colorado\nLakewood\nLeave opponent with no voters\nor collect 300 news, hype or money"
88,307,Colorado,Colorado Springs,"Colorado\nColorado Springs\nLeave opponent with no voters\nor collect 300 news, hype or money"
89,304,Colorado,Fort Collins,"Colorado\nFort Collins\nLeave opponent with no voters\nor collect 300 news, hype or money"
90,301,Colorado,Boulder,"Colorado\nBoulder\nLeave opponent with no voters\nor collect 300 news, hype or money"
91,298,Colorado,Greeley,"Colorado\nGreeley\nLeave opponent with no voters\nor collect 300 news, hype or money"
92,295,Colorado,Pueblo,"Colorado\nPueblo\nLeave opponent with no voters\nor collect 300 news, hype or money"
93,292,Colorado,Grand Junction,"Colorado\nGrand Junction\nLeave opponent with no voters\nor collect 300 news, hype or money"
94,274,Connecticut,Hartford,"Connecticut\nHartford\nLeave opponent with no voters\nor collect 300 news, hype or money"
95,271,Connecticut,Bridgeport,"Connecticut\nBridgeport\nLeave opponent with no voters\nor collect 300 news, hype or money"
96,268,Connecticut,Stamford,"Connecticut\nStamford\nLeave opponent with no voters\nor collect 300 news, hype or money"
97,265,Connecticut,Norwalk,"Connecticut\nNorwalk\nLeave opponent with no voters\nor collect 300 news, hype or money"
98,262,Connecticut,New Haven,"Connecticut\nNew Haven\nLeave opponent with no voters\nor collect 300 news, hype or money"
99,259,Connecticut,Milford,"Connecticut\nMilford\nLeave opponent with no voters\nor collect 300 news, hype or money"
100,256,Connecticut,Norwich,"Connecticut\nNorwich\nLeave opponent with no voters\nor collect 300 news, hype or money"
101,181,Delaware,Dover,"Delaware\nDover\nLeave opponent with no voters\nor collect 300 news, hype or money"
102,173,Delaware,Sussex,"Delaware\nSussex\nLeave opponent with no voters\nor collect 300 news, hype or money"
103,165,Delaware,Newcastle,"Delaware\nNewcastle\nLeave opponent with no voters\nor collect 300 news, hype or money"
104,180,District of Columbia,Washington,"District of Columbia\nWashington\nLeave opponent with no voters\nor collect 300 news, hype or money"
105,172,District of Columbia,Arlington,"District of Columbia\nArlington\nLeave opponent with no voters\nor collect 300 news, hype or money"
106,164,District of Columbia,Bethesda,"District of Columbia\nBethesda\nLeave opponent with no voters\nor collect 300 news, hype or money"
107,536,Florida,Miami,"Florida\nMiami\nLeave opponent with no voters\nor collect 300 news, hype or money"
108,534,Florida,Fort Lauderdale,"Florida\nFort Lauderdale\nLeave opponent with no voters\nor collect 300 news, hype or money"
109,532,Florida,Palm Beach,"Florida\nPalm Beach\nLeave opponent with no voters\nor collect 300 news, hype or money"
110,530,Florida,Tampa,"Florida\nTampa\nLeave opponent with no voters\nor collect 300 news, hype or money"
111,528,Florida,Saint Petersburg,"Florida\nSaint Petersburg\nLeave opponent with no voters\nor collect 300 news, hype or money"
112,526,Florida,Clearwater,"Florida\nClearwater\nLeave opponent with no voters\nor collect 300 news, hype or money"
113,524,Florida,Orlando,"Florida\nOrlando\nLeave opponent with no voters\nor collect 300 news, hype or money"
114,522,Florida,Kissimmee,"Florida\nKissimmee\nLeave opponent with no voters\nor collect 300 news, hype or money"
115,520,Florida,Sanford,"Florida\nSanford\nLeave opponent with no voters\nor collect 300 news, hype or money"
116,518,Florida,Jacksonville,"Florida\nJacksonville\nLeave opponent with no voters\nor collect 300 news, hype or money"
117,516,Florida,North Port,"Florida\nNorth Port\nLeave opponent with no voters\nor collect 300 news, hype or money"
118,514,Florida,Sarasota,"Florida\nSarasota\nLeave opponent with no voters\nor collect 300 news, hype or money"
119,512,Florida,Bradenton,"Florida\nBradenton\nLeave opponent with no voters\nor collect 300 news, hype or money"
120,510,Florida,Cape Coral,"Florida\nCape Coral\nLeave opponent with no voters\nor collect 300 news, hype or money"
121,508,Florida,Fort Myers,"Florida\nFort Myers\nLeave opponent with no voters\nor collect 300 news, hype or money"
122,506,Florida,Lakeland,"Florida\nLakeland\nLeave opponent with no voters\nor collect 300 news, hype or money"
123,504,Florida,Winter Haven,"Florida\nWinter Haven\nLeave opponent with no voters\nor collect 300 news, hype or money"
124,502,Florida,Deltona,"Florida\nDeltona\nLeave opponent with no voters\nor collect 300 news, hype or money"
125,500,Florida,Daytona Beach,"Florida\nDaytona Beach\nLeave opponent with no voters\nor collect 300 news, hype or money"
126,498,Florida,Ormond Beach,"Florida\nOrmond Beach\nLeave opponent with no voters\nor collect 300 news, hype or money"
127,496,Florida,Palm Bay,"Florida\nPalm Bay\nLeave opponent with no voters\nor collect 300 news, hype or money"
128,494,Florida,Melbourne,"Florida\nMelbourne\nLeave opponent with no voters\nor collect 300 news, hype or money"
129,492,Florida,Titusville,"Florida\nTitusville\nLeave opponent with no voters\nor collect 300 news, hype or money"
130,490,Florida,Pensacola,"Florida\nPensacola\nLeave opponent with no voters\nor collect 300 news, hype or money"
131,488,Florida,Ferry Pass,"Florida\nFerry Pass\nLeave opponent with no voters\nor collect 300 news, hype or money"
132,486,Florida,Brent,"Florida\nBrent\nLeave opponent with no voters\nor collect 300 news, hype or money"
133,484,Florida,Port St. Lucie,"Florida\nPort St. Lucie\nLeave opponent with no voters\nor collect 300 news, hype or money"
134,482,Florida,Tallahassee,"Florida\nTallahassee\nLeave opponent with no voters\nor collect 300 news, hype or money"
135,480,Florida,Ocala,"Florida\nOcala\nLeave opponent with no voters\nor collect 300 news, hype or money"
136,437,Georgia,Atlanta,"Georgia\nAtlanta\nLeave opponent with no voters\nor collect 300 news, hype or money"
137,435,Georgia,Sandy Springs,"Georgia\nSandy Springs\nLeave opponent with no voters\nor collect 300 news, hype or money"
138,433,Georgia,Roswell,"Georgia\nRoswell\nLeave opponent with no voters\nor collect 300 news, hype or money"
139,431,Georgia,Augusta,"Georgia\nAugusta\nLeave opponent with no voters\nor collect 300 news, hype or money"
140,429,Georgia,Savannah,"Georgia\nSavannah\nLeave opponent with no voters\nor collect 300 news, hype or money"
141,427,Georgia,Columbus,"Georgia\nColumbus\nLeave opponent with no voters\nor collect 300 news, hype or money"
142,425,Georgia,Macon,"Georgia\nMacon\nLeave opponent with no voters\nor collect 300 news, hype or money"
143,423,Georgia,Athens,"Georgia\nAthens\nLeave opponent with no voters\nor collect 300 news, hype or money"
144,421,Georgia,Clarke,"Georgia\nClarke\nLeave opponent with no voters\nor collect 300 news, hype or money"
145,419,Georgia,Warner Robins,"Georgia\nWarner Robins\nLeave opponent with no voters\nor collect 300 news, hype or money"
146,417,Georgia,Gainesville,"Georgia\nGainesville\nLeave opponent with no voters\nor collect 300 news, hype or money"
147,415,Georgia,Albany,"Georgia\nAlbany\nLeave opponent with no voters\nor collect 300 news, hype or money"
148,413,Georgia,Valdosta,"Georgia\nValdosta\nLeave opponent with no voters\nor collect 300 news, hype or money"
149,411,Georgia,Dalton,"Georgia\nDalton\nLeave opponent with no voters\nor collect 300 news, hype or money"
150,409,Georgia,Brunswick,"Georgia\nBrunswick\nLeave opponent with no voters\nor collect 300 news, hype or money"
151,407,Georgia,Rome,"Georgia\nRome\nLeave opponent with no voters\nor collect 300 news, hype or money"
152,202,Hawaii,Honolulu,"Hawaii\nHonolulu\nLeave opponent with no voters\nor collect 300 news, hype or money"
153,197,Hawaii,Hilo,"Hawaii\nHilo\nLeave opponent with no voters\nor collect 300 news, hype or money"
154,192,Hawaii,Kahului,"Hawaii\nKahului\nLeave opponent with no voters\nor collect 300 news, hype or money"
155,187,Hawaii,Wailuku,"Hawaii\nWailuku\nLeave opponent with no voters\nor collect 300 news, hype or money"
156,201,Idaho,Boise City,"Idaho\nBoise City\nLeave opponent with no voters\nor collect 300 news, hype or money"
157,196,Idaho,Coeur d'Alene,"Idaho\nCoeur d'Alene\nLeave opponent with no voters\nor collect 300 news, hype or money"
158,191,Idaho,Pocatello,"Idaho\nPocatello\nLeave opponent with no voters\nor collect 300 news, hype or money"
159,186,Idaho,Twin Falls,"Idaho\nTwin Falls\nLeave opponent with no voters\nor collect 300 news, hype or money"
160,478,Illinois,Chicago,"Illinois\nChicago\nLeave opponent with no voters\nor collect 300 news, hype or money"
161,476,Illinois,Moline,"Illinois\nMoline\nLeave opponent with no voters\nor collect 300 news, hype or money"
162,474,Illinois,Rock Island,"Illinois\nRock Island\nLeave opponent with no voters\nor collect 300 news, hype or money"
163,472,Illinois,Peoria,"Illinois\nPeoria\nLeave opponent with no voters\nor collect 300 news, hype or money"
164,470,Illinois,Rockford,"Illinois\nRockford\nLeave opponent with no voters\nor collect 300 news, hype or money"
165,468,Illinois,Champaign,"Illinois\nChampaign\nLeave opponent with no voters\nor collect 300 news, hype or money"
166,466,Illinois,Urbana,"Illinois\nUrbana\nLeave opponent with no voters\nor collect 300 news, hype or money"
167,464,Illinois,Springfield,"Illinois\nSpringfield\nLeave opponent with no voters\nor collect 300 news, hype or money"
168,462,Illinois,Bloomington,"Illinois\nBloomington\nLeave opponent with no voters\nor collect 300 news, hype or money"
169,460,Illinois,Ottawa,"Illinois\nOttawa\nLeave opponent with no voters\nor collect 300 news, hype or money"
170,458,Illinois,Peru,"Illinois\nPeru\nLeave opponent with no voters\nor collect 300 news, hype or money"
171,456,Illinois,Carbondale,"Illinois\nCarbondale\nLeave opponent with no voters\nor collect 300 news, hype or money"
172,454,Illinois,Marion,"Illinois\nMarion\nLeave opponent with no voters\nor collect 300 news, hype or money"
173,452,Illinois,Kankakee,"Illinois\nKankakee\nLeave opponent with no voters\nor collect 300 news, hype or money"
174,450,Illinois,Decatur,"Illinois\nDecatur\nLeave opponent with no voters\nor collect 300 news, hype or money"
175,448,Illinois,Danville,"Illinois\nDanville\nLeave opponent with no voters\nor collect 300 news, hype or money"
176,446,Illinois,Quincy,"Illinois\nQuincy\nLeave opponent with no voters\nor collect 300 news, hype or money"
177,444,Illinois,Charleston,"Illinois\nCharleston\nLeave opponent with no voters\nor collect 300 news, hype or money"
178,442,Illinois,Mattoon,"Illinois\nMattoon\nLeave opponent with no voters\nor collect 300 news, hype or money"
179,440,Illinois,Keokuk,"Illinois\nKeokuk\nLeave opponent with no voters\nor collect 300 news, hype or money"
180,400,Indiana,Naperville,"Indiana\nNaperville\nLeave opponent with no voters\nor collect 300 news, hype or money"
181,396,Indiana,Elgin,"Indiana\nElgin\nLeave opponent with no voters\nor collect 300 news, hype or money"
182,392,Indiana,Indianapolis,"Indiana\nIndianapolis\nLeave opponent with no voters\nor collect 300 news, hype or money"
183,388,Indiana,Carmel,"Indiana\nCarmel\nLeave opponent with no voters\nor collect 300 news, hype or money"
184,384,Indiana,Anderson,"Indiana\nAnderson\nLeave opponent with no voters\nor collect 300 news, hype or money"
185,380,Indiana,Fort Wayne,"Indiana\nFort Wayne\nLeave opponent with no voters\nor collect 300 news, hype or money"
186,376,Indiana,South Bend,"Indiana\nSouth Bend\nLeave opponent with no voters\nor collect 300 news, hype or money"
187,372,Indiana,Evansville,"Indiana\nEvansville\nLeave opponent with no voters\nor collect 300 news, hype or money"
188,368,Indiana,Lafayette,"Indiana\nLafayette\nLeave opponent with no voters\nor collect 300 news, hype or money"
189,364,Indiana,Elkhart,"Indiana\nElkhart\nLeave opponent with no voters\nor collect 300 news, hype or money"
190,360,Indiana,Bloomington,"Indiana\nBloomington\nLeave opponent with no voters\nor collect 300 news, hype or money"
191,252,Iowa,Council Bluffs,"Iowa\nCouncil Bluffs\nLeave opponent with no voters\nor collect 300 news, hype or money"
192,246,Iowa,Des Moines,"Iowa\nDes Moines\nLeave opponent with no voters\nor collect 300 news, hype or money"
193,240,Iowa,Davenport,"Iowa\nDavenport\nLeave opponent with no voters\nor collect 300 news, hype or money"
194,234,Iowa,Cedar Rapids,"Iowa\nCedar Rapids\nLeave opponent with no voters\nor collect 300 news, hype or money"
195,228,Iowa,Sioux City,"Iowa\nSioux City\nLeave opponent with no voters\nor collect 300 news, hype or money"
196,222,Iowa,Waterloo,"Iowa\nWaterloo\nLeave opponent with no voters\nor collect 300 news, hype or money"
197,251,Kansas,Wichita,"Kansas\nWichita\nLeave opponent with no voters\nor collect 300 news, hype or money"
198,245,Kansas,Topeka,"Kansas\nTopeka\nLeave opponent with no voters\nor collect 300 news, hype or money"
199,239,Kansas,Lawrence,"Kansas\nLawrence\nLeave opponent with no voters\nor collect 300 news, hype or money"
200,233,Kansas,Manhattan,"Kansas\nManhattan\nLeave opponent with no voters\nor collect 300 news, hype or money"
201,227,Kansas,Hutchinson,"Kansas\nHutchinson\nLeave opponent with no voters\nor collect 300 news, hype or money"
202,221,Kansas,Salina,"Kansas\nSalina\nLeave opponent with no voters\nor collect 300 news, hype or money"
203,290,Kentucky,Louisville,"Kentucky\nLouisville\nLeave opponent with no voters\nor collect 300 news, hype or money"
204,288,Kentucky,Lexington,"Kentucky\nLexington\nLeave opponent with no voters\nor collect 300 news, hype or money"
205,286,Kentucky,Fayette,"Kentucky\nFayette\nLeave opponent with no voters\nor collect 300 news, hype or money"
206,284,Kentucky,Ashland,"Kentucky\nAshland\nLeave opponent with no voters\nor collect 300 news, hype or money"
207,282,Kentucky,Bowling Green,"Kentucky\nBowling Green\nLeave opponent with no voters\nor collect 300 news, hype or money"
208,280,Kentucky,Elizabethtown,"Kentucky\nElizabethtown\nLeave opponent with no voters\nor collect 300 news, hype or money"
209,278,Kentucky,Fort Knox,"Kentucky\nFort Knox\nLeave opponent with no voters\nor collect 300 news, hype or money"
210,276,Kentucky,London,"Kentucky\nLondon\nLeave opponent with no voters\nor collect 300 news, hype or money"
211,289,Louisiana,New Orleans,"Louisiana\nNew Orleans\nLeave opponent with no voters\nor collect 300 news, hype or money"
212,287,Louisiana,Metairie,"Louisiana\nMetairie\nLeave opponent with no voters\nor collect 300 news, hype or money"
213,285,Louisiana,Baton Rouge,"Louisiana\nBaton Rouge\nLeave opponent with no voters\nor collect 300 news, hype or money"
214,283,Louisiana,Lafayette,"Louisiana\nLafayette\nLeave opponent with no voters\nor collect 300 news, hype or money"
215,281,Louisiana,Shreveport,"Louisiana\nShreveport\nLeave opponent with no voters\nor collect 300 news, hype or money"
216,279,Louisiana,Bossier City,"Louisiana\nBossier City\nLeave opponent with no voters\nor collect 300 news, hype or money"
217,277,Louisiana,Houma,"Louisiana\nHouma\nLeave opponent with no voters\nor collect 300 news, hype or money"
218,275,Louisiana,Thibodaux,"Louisiana\nThibodaux\nLeave opponent with no voters\nor collect 300 news, hype or money"
219,200,Maine,Portland,"Maine\nPortland\nLeave opponent with no voters\nor collect 300 news, hype or money"
220,195,Maine,South Portland,"Maine\nSouth Portland\nLeave opponent with no voters\nor collect 300 news, hype or money"
221,190,Maine,Bangor,"Maine\nBangor\nLeave opponent with no voters\nor collect 300 news, hype or money"
222,185,Maine,Augusta,"Maine\nAugusta\nLeave opponent with no voters\nor collect 300 news, hype or money"
223,357,Maryland,Baltimore,"Maryland\nBaltimore\nLeave opponent with no voters\nor collect 300 news, hype or money"
224,353,Maryland,Columbia,"Maryland\nColumbia\nLeave opponent with no voters\nor collect 300 news, hype or money"
225,349,Maryland,Towson,"Maryland\nTowson\nLeave opponent with no voters\nor collect 300 news, hype or money"
226,345,Maryland,Salisbury,"Maryland\nSalisbury\nLeave opponent with no voters\nor collect 300 news, hype or money"
227,341,Maryland,Hagerstown,"Maryland\nHagerstown\nLeave opponent with no voters\nor collect 300 news, hype or money"
228,337,Maryland,California,"Maryland\nCalifornia\nLeave opponent with no voters\nor collect 300 news, hype or money"
229,333,Maryland,Lexington Park,"Maryland\nLexington Park\nLeave opponent with no voters\nor collect 300 news, hype or money"
230,329,Maryland,Cumberland,"Maryland\nCumberland\nLeave opponent with no voters\nor collect 300 news, hype or money"
231,325,Maryland,Easton,"Maryland\nEaston\nLeave opponent with no voters\nor collect 300 news, hype or money"
232,321,Maryland,Cambridge,"Maryland\nCambridge\nLeave opponent with no voters\nor collect 300 news, hype or money"
233,399,Massachusetts,Boston,"Massachusetts\nBoston\nLeave opponent with no voters\nor collect 300 news, hype or money"
234,395,Massachusetts,Cambridge,"Massachusetts\nCambridge\nLeave opponent with no voters\nor collect 300 news, hype or money"
235,391,Massachusetts,Newton,"Massachusetts\nNewton\nLeave opponent with no voters\nor collect 300 news, hype or money"
236,387,Massachusetts,Warwick,"Massachusetts\nWarwick\nLeave opponent with no voters\nor collect 300 news, hype or money"
237,383,Massachusetts,Worcester,"Massachusetts\nWorcester\nLeave opponent with no voters\nor collect 300 news, hype or money"
238,379,Massachusetts,Springfield,"Massachusetts\nSpringfield\nLeave opponent with no voters\nor collect 300 news, hype or money"
239,375,Massachusetts,Barnstable Town,"Massachusetts\nBarnstable Town\nLeave opponent with no voters\nor collect 300 news, hype or money"
240,371,Massachusetts,Pittsfield,"Massachusetts\nPittsfield\nLeave opponent with no voters\nor collect 300 news, hype or money"
241,367,Massachusetts,Greenfield Town,"Massachusetts\nGreenfield Town\nLeave opponent with no voters\nor collect 300 news, hype or money"
242,363,Massachusetts,Vineyard Haven,"Massachusetts\nVineyard Haven\nLeave opponent with no voters\nor collect 300 news, hype or money"
243,359,Massachusetts,Cape Cod,"Massachusetts\nCape Cod\nLeave opponent with no voters\nor collect 300 news, hype or money"
244,436,Michigan,Detroit,"Michigan\nDetroit\nLeave opponent with no voters\nor collect 300 news, hype or money"
245,434,Michigan,Warren,"Michigan\nWarren\nLeave opponent with no voters\nor collect 300 news, hype or money"
246,432,Michigan,Dearborn,"Michigan\nDearborn\nLeave opponent with no voters\nor collect 300 news, hype or money"
247,430,Michigan,Grand Rapids,"Michigan\nGrand Rapids\nLeave opponent with no voters\nor collect 300 news, hype or money"
248,428,Michigan,Wyoming,"Michigan\nWyoming\nLeave opponent with no voters\nor collect 300 news, hype or money"
249,426,Michigan,Lansing,"Michigan\nLansing\nLeave opponent with no voters\nor collect 300 news, hype or money"
250,424,Michigan,East Lansing,"Michigan\nEast Lansing\nLeave opponent with no voters\nor collect 300 news, hype or money"
251,422,Michigan,Flint,"Michigan\nFlint\nLeave opponent with no voters\nor collect 300 news, hype or money"
252,420,Michigan,Ann Arbor,"Michigan\nAnn Arbor\nLeave opponent with no voters\nor collect 300 news, hype or money"
253,418,Michigan,Kalamazoo,"Michigan\nKalamazoo\nLeave opponent with no voters\nor collect 300 news, hype or money"
254,416,Michigan,Portage,"Michigan\nPortage\nLeave opponent with no voters\nor collect 300 news, hype or money"
255,414,Michigan,Mishawaka,"Michigan\nMishawaka\nLeave opponent with no voters\nor collect 300 news, hype or money"
256,412,Michigan,Saginaw,"Michigan\nSaginaw\nLeave opponent with no voters\nor collect 300 news, hype or money"
257,410,Michigan,Muskegon,"Michigan\nMuskegon\nLeave opponent with no voters\nor collect 300 news, hype or money"
258,408,Michigan,Jackson,"Michigan\nJackson\nLeave opponent with no voters\nor collect 300 news, hype or money"
259,406,Michigan,Niles,"Michigan\nNiles\nLeave opponent with no voters\nor collect 300 news, hype or money"
260,356,Minnesota,Minneapolis,"Minnesota\nMinneapolis\nLeave opponent with no voters\nor collect 300 news, hype or money"
261,352,Minnesota,Duluth,"Minnesota\nDuluth\nLeave opponent with no voters\nor collect 300 news, hype or money"
262,348,Minnesota,Rochester,"Minnesota\nRochester\nLeave opponent with no voters\nor collect 300 news, hype or money"
263,344,Minnesota,St. Cloud,"Minnesota\nSt. Cloud\nLeave opponent with no voters\nor collect 300 news, hype or money"
264,340,Minnesota,Onalaska,"Minnesota\nOnalaska\nLeave opponent with no voters\nor collect 300 news, hype or money"
265,336,Minnesota,Mankato,"Minnesota\nMankato\nLeave opponent with no voters\nor collect 300 news, hype or money"
266,332,Minnesota,North Mankato,"Minnesota\nNorth Mankato\nLeave opponent with no voters\nor collect 300 news, hype or money"
267,328,Minnesota,Brainerd,"Minnesota\nBrainerd\nLeave opponent with no voters\nor collect 300 news, hype or money"
268,324,Minnesota,Faribault,"Minnesota\nFaribault\nLeave opponent with no voters\nor collect 300 news, hype or money"
269,320,Minnesota,Northfield,"Minnesota\nNorthfield\nLeave opponent with no voters\nor collect 300 news, hype or money"
270,250,Mississippi,Jackson,"Mississippi\nJackson\nLeave opponent with no voters\nor collect 300 news, hype or money"
271,244,Mississippi,Gulfport,"Mississippi\nGulfport\nLeave opponent with no voters\nor collect 300 news, hype or money"
272,238,Mississippi,Biloxi,"Mississippi\nBiloxi\nLeave opponent with no voters\nor collect 300 news, hype or money"
273,232,Mississippi,Pascagoula,"Mississippi\nPascagoula\nLeave opponent with no voters\nor collect 300 news, hype or money"
274,226,Mississippi,Hattiesburg,"Mississippi\nHattiesburg\nLeave opponent with no voters\nor collect 300 news, hype or money"
275,220,Mississippi,Tupelo,"Mississippi\nTupelo\nLeave opponent with no voters\nor collect 300 news, hype or money"
276,355,Missouri,St. Louis,"Missouri\nSt. Louis\nLeave opponent with no voters\nor collect 300 news, hype or money"
277,351,Missouri,Kansas City,"Missouri\nKansas City\nLeave opponent with no voters\nor collect 300 news, hype or money"
278,347,Missouri,Springdale,"Missouri\nSpringdale\nLeave opponent with no voters\nor collect 300 news, hype or money"
279,343,Missouri,Rogers,"Missouri\nRogers\nLeave opponent with no voters\nor collect 300 news, hype or money"
280,339,Missouri,Springfield,"Missouri\nSpringfield\nLeave opponent with no voters\nor collect 300 news, hype or money"
281,335,Missouri,Joplin,"Missouri\nJoplin\nLeave opponent with no voters\nor collect 300 news, hype or money"
282,331,Missouri,Columbia,"Missouri\nColumbia\nLeave opponent with no voters\nor collect 300 news, hype or money"
283,327,Missouri,Jefferson City,"Missouri\nJefferson City\nLeave opponent with no voters\nor collect 300 news, hype or money"
284,323,Missouri,St. Joseph,"Missouri\nSt. Joseph\nLeave opponent with no voters\nor collect 300 news, hype or money"
285,319,Missouri,Cape Girardeau,"Missouri\nCape Girardeau\nLeave opponent with no voters\nor collect 300 news, hype or money"
286,179,Montana,Billings,"Montana\nBillings\nLeave opponent with no voters\nor collect 300 news, hype or money"
287,171,Montana,Missoula,"Montana\nMissoula\nLeave opponent with no voters\nor collect 300 news, hype or money"
288,163,Montana,Bozeman,"Montana\nBozeman\nLeave opponent with no voters\nor collect 300 news, hype or money"
289,217,Nebraska,Omaha,"Nebraska\nOmaha\nLeave opponent with no voters\nor collect 300 news, hype or money"
290,214,Nebraska,Lincoln,"Nebraska\nLincoln\nLeave opponent with no voters\nor collect 300 news, hype or money"
291,211,Nebraska,Grand Island,"Nebraska\nGrand Island\nLeave opponent with no voters\nor collect 300 news, hype or money"
292,208,Nebraska,Kearney,"Nebraska\nKearney\nLeave opponent with no voters\nor collect 300 news, hype or money"
293,205,Nebraska,Norfolk,"Nebraska\nNorfolk\nLeave opponent with no voters\nor collect 300 news, hype or money"
294,249,Nevada,Las Vegas,"Nevada\nLas Vegas\nLeave opponent with no voters\nor collect 300 news, hype or money"
295,243,Nevada,Henderson,"Nevada\nHenderson\nLeave opponent with no voters\nor collect 300 news, hype or money"
296,237,Nevada,Paradise,"Nevada\nParadise\nLeave opponent with no voters\nor collect 300 news, hype or money"
297,231,Nevada,Reno,"Nevada\nReno\nLeave opponent with no voters\nor collect 300 news, hype or money"
298,225,Nevada,Carson City,"Nevada\nCarson City\nLeave opponent with no voters\nor collect 300 news, hype or money"
299,219,Nevada,Elko,"Nevada\nElko\nLeave opponent with no voters\nor collect 300 news, hype or money"
300,199,New Hampshire,Manchester,"New Hampshire\nManchester\nLeave opponent with no voters\nor collect 300 news, hype or money"
301,194,New Hampshire,Nashua,"New Hampshire\nNashua\nLeave opponent with no voters\nor collect 300 news, hype or money"
302,189,New Hampshire,Claremont,"New Hampshire\nClaremont\nLeave opponent with no voters\nor collect 300 news, hype or money"
303,184,New Hampshire,Concord,"New Hampshire\nConcord\nLeave opponent with no voters\nor collect 300 news, hype or money"
304,404,New Jersey,Newark,"New Jersey\nNewark\nLeave opponent with no voters\nor collect 300 news, hype or money"
305,154,New Jersey,Jersey City,"New Jersey\nJersey City\nLeave opponent with no voters\nor collect 300 news, hype or money"
306,147,New Jersey,Camden,"New Jersey\nCamden\nLeave opponent with no voters\nor collect 300 news, hype or money"
307,140,New Jersey,Wilmington,"New Jersey\nWilmington\nLeave opponent with no voters\nor collect 300 news, hype or money"
308,133,New Jersey,Bethlehem,"New Jersey\nBethlehem\nLeave opponent with no voters\nor collect 300 news, hype or money"
309,126,New Jersey,Easton,"New Jersey\nEaston\nLeave opponent with no voters\nor collect 300 news, hype or money"
310,119,New Jersey,Trenton,"New Jersey\nTrenton\nLeave opponent with no voters\nor collect 300 news, hype or money"
311,112,New Jersey,Atlantic City,"New Jersey\nAtlantic City\nLeave opponent with no voters\nor collect 300 news, hype or money"
312,105,New Jersey,Hammonton,"New Jersey\nHammonton\nLeave opponent with no voters\nor collect 300 news, hype or money"
313,98,New Jersey,Vineland,"New Jersey\nVineland\nLeave opponent with no voters\nor collect 100 news, hype or money"
314,91,New Jersey,Bridgeton,"New Jersey\nBridgeton\nLeave opponent with no voters\nor collect 100 news, hype or money"
315,84,New Jersey,Ocean City,"New Jersey\nOcean City\nLeave opponent with no voters\nor collect 100 news, hype or money"
316,77,New Jersey,Princeton,"New Jersey\nPrinceton\nLeave opponent with no voters\nor collect 100 news, hype or money"
317,71,New Jersey,Edison,"New Jersey\nEdison\nLeave opponent with no voters\nor collect 100 news, hype or money"
318,216,New Mexico,Albuquerque,"New Mexico\nAlbuquerque\nLeave opponent with no voters\nor collect 300 news, hype or money"
319,213,New Mexico,Santa Fe,"New Mexico\nSanta Fe\nLeave opponent with no voters\nor collect 300 news, hype or money"
320,210,New Mexico,Alamogordo,"New Mexico\nAlamogordo\nLeave opponent with no voters\nor collect 300 news, hype or money"
321,207,New Mexico,Farmington,"New Mexico\nFarmington\nLeave opponent with no voters\nor collect 300 news, hype or money"
322,204,New Mexico,Los Alamos,"New Mexico\nLos Alamos\nLeave opponent with no voters\nor collect 300 news, hype or money"
323,535,New York,New York,"New York\nNew York\nLeave opponent with no voters\nor collect 300 news, hype or money"
324,533,New York,Buffalo,"New York\nBuffalo\nLeave opponent with no voters\nor collect 300 news, hype or money"
325,531,New York,Cheektowaga,"New York\nCheektowaga\nLeave opponent with no voters\nor collect 300 news, hype or money"
326,529,New York,Niagara Falls,"New York\nNiagara Falls\nLeave opponent with no voters\nor collect 300 news, hype or money"
327,527,New York,Rochester,"New York\nRochester\nLeave opponent with no voters\nor collect 300 news, hype or money"
328,525,New York,Albany,"New York\nAlbany\nLeave opponent with no voters\nor collect 300 news, hype or money"
329,523,New York,Schenectady,"New York\nSchenectady\nLeave opponent with no voters\nor collect 300 news, hype or money"
330,521,New York,Troy,"New York\nTroy\nLeave opponent with no voters\nor collect 300 news, hype or money"
331,519,New York,Syracuse,"New York\nSyracuse\nLeave opponent with no voters\nor collect 300 news, hype or money"
332,517,New York,Utica,"New York\nUtica\nLeave opponent with no voters\nor collect 300 news, hype or money"
333,515,New York,Rome,"New York\nRome\nLeave opponent with no voters\nor collect 300 news, hype or money"
334,513,New York,Binghamton,"New York\nBinghamton\nLeave opponent with no voters\nor collect 300 news, hype or money"
335,511,New York,Kingston,"New York\nKingston\nLeave opponent with no voters\nor collect 300 news, hype or money"
336,509,New York,Jamestown,"New York\nJamestown\nLeave opponent with no voters\nor collect 300 news, hype or money"
337,507,New York,Dunkirk,"New York\nDunkirk\nLeave opponent with no voters\nor collect 300 news, hype or money"
338,505,New York,Fredonia,"New York\nFredonia\nLeave opponent with no voters\nor collect 300 news, hype or money"
339,503,New York,Glens Falls,"New York\nGlens Falls\nLeave opponent with no voters\nor collect 300 news, hype or money"
340,501,New York,Watertown,"New York\nWatertown\nLeave opponent with no voters\nor collect 300 news, hype or money"
341,499,New York,Fort Drum,"New York\nFort Drum\nLeave opponent with no voters\nor collect 300 news, hype or money"
342,497,New York,Ogdensburg,"New York\nOgdensburg\nLeave opponent with no voters\nor collect 300 news, hype or money"
343,495,New York,Massena,"New York\nMassena\nLeave opponent with no voters\nor collect 300 news, hype or money"
344,493,New York,Ithaca,"New York\nIthaca\nLeave opponent with no voters\nor collect 300 news, hype or money"
345,491,New York,Corning,"New York\nCorning\nLeave opponent with no voters\nor collect 300 news, hype or money"
346,489,New York,Elmira,"New York\nElmira\nLeave opponent with no voters\nor collect 300 news, hype or money"
347,487,New York,Plattsburgh,"New York\nPlattsburgh\nLeave opponent with no voters\nor collect 300 news, hype or money"
348,485,New York,Auburn,"New York\nAuburn\nLeave opponent with no voters\nor collect 300 news, hype or money"
349,483,New York,Olean,"New York\nOlean\nLeave opponent with no voters\nor collect 300 news, hype or money"
350,481,New York,Hudson,"New York\nHudson\nLeave opponent with no voters\nor collect 300 news, hype or money"
351,479,New York,Oneonta,"New York\nOneonta\nLeave opponent with no voters\nor collect 300 news, hype or money"
352,405,North Carolina,Charlotte,"North Carolina\nCharlotte\nLeave opponent with no voters\nor collect 300 news, hype or money"
353,155,North Carolina,Norfolk,"North Carolina\nNorfolk\nLeave opponent with no voters\nor collect 300 news, hype or money"
354,148,North Carolina,Newport News,"North Carolina\nNewport News\nLeave opponent with no voters\nor collect 300 news, hype or money"
355,141,North Carolina,Raleigh,"North Carolina\nRaleigh\nLeave opponent with no voters\nor collect 300 news, hype or money"
356,134,North Carolina,Greensboro,"North Carolina\nGreensboro\nLeave opponent with no voters\nor collect 300 news, hype or money"
357,127,North Carolina,High Point,"North Carolina\nHigh Point\nLeave opponent with no voters\nor collect 300 news, hype or money"
358,120,North Carolina,Winston,"North Carolina\nWinston\nLeave opponent with no voters\nor collect 300 news, hype or money"
359,113,North Carolina,Salem,"North Carolina\nSalem\nLeave opponent with no voters\nor collect 300 news, hype or money"
360,106,North Carolina,Durham,"North Carolina\nDurham\nLeave opponent with no voters\nor collect 300 news, hype or money"
361,99,North Carolina,Chapel Hill,"North Carolina\nChapel Hill\nLeave opponent with no voters\nor collect 100 news, hype or money"
362,92,North Carolina,Asheville,"North Carolina\nAsheville\nLeave opponent with no voters\nor collect 100 news, hype or money"
363,85,North Carolina,Conway,"North Carolina\nConway\nLeave opponent with no voters\nor collect 100 news, hype or money"
364,78,North Carolina,North Myrtle Beach,"North Carolina\nNorth Myrtle Beach\nLeave opponent with no voters\nor collect 100 news, hype or money"
365,72,North Carolina,Fayetteville,"North Carolina\nFayetteville\nLeave opponent with no voters\nor collect 100 news, hype or money"
366,67,North Carolina,Hickory,"North Carolina\nHickory\nLeave opponent with no voters\nor collect 100 news, hype or money"
367,178,North Dakota,Fargo,"North Dakota\nFargo\nLeave opponent with no voters\nor collect 300 news, hype or money"
368,170,North Dakota,Bismarck,"North Dakota\nBismarck\nLeave opponent with no voters\nor collect 300 news, hype or money"
369,162,North Dakota,Grand Forks,"North Dakota\nGrand Forks\nLeave opponent with no voters\nor collect 300 news, hype or money"
370,438,Ohio,Cincinnati,"Ohio\nCincinnati\nLeave opponent with no voters\nor collect 300 news, hype or money"
371,156,Ohio,Cleveland,"Ohio\nCleveland\nLeave opponent with no voters\nor collect 300 news, hype or money"
372,149,Ohio,Elyria,"Ohio\nElyria\nLeave opponent with no voters\nor collect 300 news, hype or money"
373,142,Ohio,Columbus,"Ohio\nColumbus\nLeave opponent with no voters\nor collect 300 news, hype or money"
374,135,Ohio,Dayton,"Ohio\nDayton\nLeave opponent with no voters\nor collect 300 news, hype or money"
375,128,Ohio,Akron,"Ohio\nAkron\nLeave opponent with no voters\nor collect 300 news, hype or money"
376,121,Ohio,Toledo,"Ohio\nToledo\nLeave opponent with no voters\nor collect 300 news, hype or money"
377,114,Ohio,Youngstown,"Ohio\nYoungstown\nLeave opponent with no voters\nor collect 300 news, hype or money"
378,107,Ohio,Canton,"Ohio\nCanton\nLeave opponent with no voters\nor collect 300 news, hype or money"
379,100,Ohio,Massillon,"Ohio\nMassillon\nLeave opponent with no voters\nor collect 100 news, hype or money"
380,93,Ohio,Springfield,"Ohio\nSpringfield\nLeave opponent with no voters\nor collect 100 news, hype or money"
381,86,Ohio,Mansfield,"Ohio\nMansfield\nLeave opponent with no voters\nor collect 100 news, hype or money"
382,79,Ohio,Steubenville,"Ohio\nSteubenville\nLeave opponent with no voters\nor collect 100 news, hype or money"
383,73,Ohio,Wooster,"Ohio\nWooster\nLeave opponent with no voters\nor collect 100 news, hype or money"
384,68,Ohio,Salem,"Ohio\nSalem\nLeave opponent with no voters\nor collect 100 news, hype or money"
385,64,Ohio,Lima,"Ohio\nLima\nLeave opponent with no voters\nor collect 100 news, hype or money"
386,61,Ohio,Ashtabula,"Ohio\nAshtabula\nLeave opponent with no voters\nor collect 100 news, hype or money"
387,58,Ohio,Zanesville,"Ohio\nZanesville\nLeave opponent with no voters\nor collect 100 news, hype or money"
388,273,Oklahoma,Oklahoma City,"Oklahoma\nOklahoma City\nLeave opponent with no voters\nor collect 300 news, hype or money"
389,270,Oklahoma,Tulsa,"Oklahoma\nTulsa\nLeave opponent with no voters\nor collect 300 news, hype or money"
390,267,Oklahoma,Lawton,"Oklahoma\nLawton\nLeave opponent with no voters\nor collect 300 news, hype or money"
391,264,Oklahoma,Stillwater,"Oklahoma\nStillwater\nLeave opponent with no voters\nor collect 300 news, hype or money"
392,261,Oklahoma,Shawnee,"Oklahoma\nShawnee\nLeave opponent with no voters\nor collect 300 news, hype or money"
393,258,Oklahoma,Muskogee,"Oklahoma\nMuskogee\nLeave opponent with no voters\nor collect 300 news, hype or money"
394,255,Oklahoma,Enid,"Oklahoma\nEnid\nLeave opponent with no voters\nor collect 300 news, hype or money"
395,272,Oregon,Portland,"Oregon\nPortland\nLeave opponent with no voters\nor collect 300 news, hype or money"
396,269,Oregon,Salem,"Oregon\nSalem\nLeave opponent with no voters\nor collect 300 news, hype or money"
397,266,Oregon,Eugene,"Oregon\nEugene\nLeave opponent with no voters\nor collect 300 news, hype or money"
398,263,Oregon,Medford,"Oregon\nMedford\nLeave opponent with no voters\nor collect 300 news, hype or money"
399,260,Oregon,Bend,"Oregon\nBend\nLeave opponent with no voters\nor collect 300 news, hype or money"
400,257,Oregon,Redmond,"Oregon\nRedmond\nLeave opponent with no voters\nor collect 300 news, hype or money"
401,254,Oregon,Albany,"Oregon\nAlbany\nLeave opponent with no voters\nor collect 300 news, hype or money"
402,477,Pennsylvania,Philadelphia,"Pennsylvania\nPhiladelphia\nLeave opponent with no voters\nor collect 300 news, hype or money"
403,475,Pennsylvania,Pittsburgh,"Pennsylvania\nPittsburgh\nLeave opponent with no voters\nor collect 300 news, hype or money"
404,473,Pennsylvania,Allentown,"Pennsylvania\nAllentown\nLeave opponent with no voters\nor collect 300 news, hype or money"
405,471,Pennsylvania,Scranton,"Pennsylvania\nScranton\nLeave opponent with no voters\nor collect 300 news, hype or money"
406,469,Pennsylvania,Barre,"Pennsylvania\nBarre\nLeave opponent with no voters\nor collect 300 news, hype or money"
407,467,Pennsylvania,Warren,"Pennsylvania\nWarren\nLeave opponent with no voters\nor collect 300 news, hype or money"
408,465,Pennsylvania,Boardman,"Pennsylvania\nBoardman\nLeave opponent with no voters\nor collect 300 news, hype or money"
409,463,Pennsylvania,Harrisburg,"Pennsylvania\nHarrisburg\nLeave opponent with no voters\nor collect 300 news, hype or money"
410,461,Pennsylvania,Carlisle,"Pennsylvania\nCarlisle\nLeave opponent with no voters\nor collect 300 news, hype or money"
411,459,Pennsylvania,Lancaster,"Pennsylvania\nLancaster\nLeave opponent with no voters\nor collect 300 news, hype or money"
412,457,Pennsylvania,York,"Pennsylvania\nYork\nLeave opponent with no voters\nor collect 300 news, hype or money"
413,455,Pennsylvania,Hanover,"Pennsylvania\nHanover\nLeave opponent with no voters\nor collect 300 news, hype or money"
414,453,Pennsylvania,Reading,"Pennsylvania\nReading\nLeave opponent with no voters\nor collect 300 news, hype or money"
415,451,Pennsylvania,Erie,"Pennsylvania\nErie\nLeave opponent with no voters\nor collect 300 news, hype or money"
416,449,Pennsylvania,East Stroudsburg,"Pennsylvania\nEast Stroudsburg\nLeave opponent with no voters\nor collect 300 news, hype or money"
417,447,Pennsylvania,State College,"Pennsylvania\nState College\nLeave opponent with no voters\nor collect 300 news, hype or money"
418,445,Pennsylvania,Chambersburg,"Pennsylvania\nChambersburg\nLeave opponent with no voters\nor collect 300 news, hype or money"
419,443,Pennsylvania,Waynesboro,"Pennsylvania\nWaynesboro\nLeave opponent with no voters\nor collect 300 news, hype or money"
420,441,Pennsylvania,Pottsville,"Pennsylvania\nPottsville\nLeave opponent with no voters\nor collect 300 news, hype or money"
421,439,Pennsylvania,Johnstown,"Pennsylvania\nJohnstown\nLeave opponent with no voters\nor collect 300 news, hype or money"
422,198,Rhode Island,Providence,"Rhode Island\nProvidence\nLeave opponent with no voters\nor collect 300 news, hype or money"
423,193,Rhode Island,Warwick,"Rhode Island\nWarwick\nLeave opponent with no voters\nor collect 300 news, hype or money"
424,188,Rhode Island,Cranston,"Rhode Island\nCranston\nLeave opponent with no voters\nor collect 300 news, hype or money"
425,183,Rhode Island,Pawtucket,"Rhode Island\nPawtucket\nLeave opponent with no voters\nor collect 300 news, hype or money"
426,315,South Carolina,Concord,"South Carolina\nConcord\nLeave opponent with no voters\nor collect 300 news, hype or money"
427,312,South Carolina,Gastonia,"South Carolina\nGastonia\nLeave opponent with no voters\nor collect 300 news, hype or money"
428,309,South Carolina,Greenville,"South Carolina\nGreenville\nLeave opponent with no voters\nor collect 300 news, hype or money"
429,306,South Carolina,Anderson,"South Carolina\nAnderson\nLeave opponent with no voters\nor collect 300 news, hype or money"
430,303,South Carolina,Mauldin,"South Carolina\nMauldin\nLeave opponent with no voters\nor collect 300 news, hype or money"
431,300,South Carolina,Columbia,"South Carolina\nColumbia\nLeave opponent with no voters\nor collect 300 news, hype or money"
432,297,South Carolina,Charleston,"South Carolina\nCharleston\nLeave opponent with no voters\nor collect 300 news, hype or money"
433,294,South Carolina,North Charleston,"South Carolina\nNorth Charleston\nLeave opponent with no voters\nor collect 300 news, hype or money"
434,291,South Carolina,Richmond County,"South Carolina\nRichmond County\nLeave opponent with no voters\nor collect 300 news, hype or money"
435,177,South Dakota,Sioux Falls,"South Dakota\nSioux Falls\nLeave opponent with no voters\nor collect 300 news, hype or money"
436,169,South Dakota,Rapid City,"South Dakota\nRapid City\nLeave opponent with no voters\nor collect 300 news, hype or money"
437,161,South Dakota,Aberdeen,"South Dakota\nAberdeen\nLeave opponent with no voters\nor collect 300 news, hype or money"
438,398,Tennessee,Nashville,"Tennessee\nNashville\nLeave opponent with no voters\nor collect 300 news, hype or money"
439,394,Tennessee,Davidson,"Tennessee\nDavidson\nLeave opponent with no voters\nor collect 300 news, hype or money"
440,390,Tennessee,Memphis,"Tennessee\nMemphis\nLeave opponent with no voters\nor collect 300 news, hype or money"
441,386,Tennessee,Knoxville,"Tennessee\nKnoxville\nLeave opponent with no voters\nor collect 300 news, hype or money"
442,382,Tennessee,Chattanooga,"Tennessee\nChattanooga\nLeave opponent with no voters\nor collect 300 news, hype or money"
443,378,Tennessee,Kingsport,"Tennessee\nKingsport\nLeave opponent with no voters\nor collect 300 news, hype or money"
444,374,Tennessee,Clarksville,"Tennessee\nClarksville\nLeave opponent with no voters\nor collect 300 news, hype or money"
445,370,Tennessee,Johnson City,"Tennessee\nJohnson City\nLeave opponent with no voters\nor collect 300 news, hype or money"
446,366,Tennessee,Jackson,"Tennessee\nJackson\nLeave opponent with no voters\nor collect 300 news, hype or money"
447,362,Tennessee,Cleveland,"Tennessee\nCleveland\nLeave opponent with no voters\nor collect 300 news, hype or money"
448,358,Tennessee,Morristown,"Tennessee\nMorristown\nLeave opponent with no voters\nor collect 300 news, hype or money"
449,537,Texas,Dallas,"Texas\nDallas\nLeave opponent with no voters\nor collect 300 news, hype or money"
450,157,Texas,Fort Worth,"Texas\nFort Worth\nLeave opponent with no voters\nor collect 300 news, hype or money"
451,150,Texas,Arlington,"Texas\nArlington\nLeave opponent with no voters\nor collect 300 news, hype or money"
452,143,Texas,Houston,"Texas\nHouston\nLeave opponent with no voters\nor collect 300 news, hype or money"
453,136,Texas,The Woodlands,"Texas\nThe Woodlands\nLeave opponent with no voters\nor collect 300 news, hype or money"
454,129,Texas,Sugar Land,"Texas\nSugar Land\nLeave opponent with no voters\nor collect 300 news, hype or money"
455,122,Texas,San Antonio,"Texas\nSan Antonio\nLeave opponent with no voters\nor collect 300 news, hype or money"
456,115,Texas,New Braunfels,"Texas\nNew Braunfels\nLeave opponent with no voters\nor collect 300 news, hype or money"
457,108,Texas,Austin,"Texas\nAustin\nLeave opponent with no voters\nor collect 300 news, hype or money"
458,101,Texas,Round Rock,"Texas\nRound Rock\nLeave opponent with no voters\nor collect 100 news, hype or money"
459,94,Texas,El Paso,"Texas\nEl Paso\nLeave opponent with no voters\nor collect 100 news, hype or money"
460,87,Texas,McAllen,"Texas\nMcAllen\nLeave opponent with no voters\nor collect 100 news, hype or money"
461,80,Texas,Edinburg,"Texas\nEdinburg\nLeave opponent with no voters\nor collect 100 news, hype or money"
462,74,Texas,Mission,"Texas\nMission\nLeave opponent with no voters\nor collect 100 news, hype or money"
463,69,Texas,Corpus Christi,"Texas\nCorpus Christi\nLeave opponent with no voters\nor collect 100 news, hype or money"
464,65,Texas,Killeen,"Texas\nKilleen\nLeave opponent with no voters\nor collect 100 news, hype or money"
465,62,Texas,Temple,"Texas\nTemple\nLeave opponent with no voters\nor collect 100 news, hype or money"
466,59,Texas,Brownsville,"Texas\nBrownsville\nLeave opponent with no voters\nor collect 100 news, hype or money"
467,56,Texas,Harlingen,"Texas\nHarlingen\nLeave opponent with no voters\nor collect 100 news, hype or money"
468,54,Texas,Beaumont,"Texas\nBeaumont\nLeave opponent with no voters\nor collect 100 news, hype or money"
469,52,Texas,Port Arthur,"Texas\nPort Arthur\nLeave opponent with no voters\nor collect 100 news, hype or money"
470,50,Texas,Lubbock,"Texas\nLubbock\nLeave opponent with no voters\nor collect 100 news, hype or money"
471,48,Texas,Laredo,"Texas\nLaredo\nLeave opponent with no voters\nor collect 100 news, hype or money"
472,46,Texas,Amarillo,"Texas\nAmarillo\nLeave opponent with no voters\nor collect 100 news, hype or money"
473,44,Texas,Waco,"Texas\nWaco\nLeave opponent with no voters\nor collect 100 news, hype or money"
474,42,Texas,College Station,"Texas\nCollege Station\nLeave opponent with no voters\nor collect 100 news, hype or money"
475,40,Texas,Bryan,"Texas\nBryan\nLeave opponent with no voters\nor collect 100 news, hype or money"
476,38,Texas,Longview,"Texas\nLongview\nLeave opponent with no voters\nor collect 100 news, hype or money"
477,36,Texas,Tyler,"Texas\nTyler\nLeave opponent with no voters\nor collect 100 news, hype or money"
478,34,Texas,Abilene,"Texas\nAbilene\nLeave opponent with no voters\nor collect 100 news, hype or money"
479,32,Texas,Midland,"Texas\nMidland\nLeave opponent with no voters\nor collect 100 news, hype or money"
480,30,Texas,Wichita Falls,"Texas\nWichita Falls\nLeave opponent with no voters\nor collect 100 news, hype or money"
481,28,Texas,Texarkana,"Texas\nTexarkana\nLeave opponent with no voters\nor collect 100 news, hype or money"
482,26,Texas,Odessa,"Texas\nOdessa\nLeave opponent with no voters\nor collect 100 news, hype or money"
483,24,Texas,Sherman,"Texas\nSherman\nLeave opponent with no voters\nor collect 100 news, hype or money"
484,22,Texas,Denison,"Texas\nDenison\nLeave opponent with no voters\nor collect 100 news, hype or money"
485,20,Texas,San Angelo,"Texas\nSan Angelo\nLeave opponent with no voters\nor collect 100 news, hype or money"
486,18,Texas,Victoria,"Texas\nVictoria\nLeave opponent with no voters\nor collect 100 news, hype or money"
487,248,Utah,Salt Lake City,"Utah\nSalt Lake City\nLeave opponent with no voters\nor collect 300 news, hype or money"
488,242,Utah,Ogden,"Utah\nOgden\nLeave opponent with no voters\nor collect 300 news, hype or money"
489,236,Utah,Clearfield,"Utah\nClearfield\nLeave opponent with no voters\nor collect 300 news, hype or money"
490,230,Utah,Provo,"Utah\nProvo\nLeave opponent with no voters\nor collect 300 news, hype or money"
491,224,Utah,Orem,"Utah\nOrem\nLeave opponent with no voters\nor collect 300 news, hype or money"
492,218,Utah,Logan,"Utah\nLogan\nLeave opponent with no voters\nor collect 300 news, hype or money"
493,176,Vermont,Lebanon,"Vermont\nBurlington\nLeave opponent with no voters\nor collect 300 news, hype or money"
494,168,Vermont,Burlington,"Vermont\nLebanon\nLeave opponent with no voters\nor collect 300 news, hype or money"
495,160,Vermont,Rutland,"Vermont\nRutland\nLeave opponent with no voters\nor collect 300 news, hype or money"
496,403,Virginia,Alexandria,"Virginia\nAlexandria\nLeave opponent with no voters\nor collect 300 news, hype or money"
497,153,Virginia,Virginia Beach,"Virginia\nVirginia Beach\nLeave opponent with no voters\nor collect 300 news, hype or money"
498,146,Virginia,Richmond,"Virginia\nRichmond\nLeave opponent with no voters\nor collect 300 news, hype or money"
499,139,Virginia,Roanoke,"Virginia\nRoanoke\nLeave opponent with no voters\nor collect 300 news, hype or money"
500,132,Virginia,Bristol,"Virginia\nBristol\nLeave opponent with no voters\nor collect 300 news, hype or money"
501,125,Virginia,Bristol,"Virginia\nBristol\nLeave opponent with no voters\nor collect 300 news, hype or money"
502,118,Virginia,Lynchburg,"Virginia\nLynchburg\nLeave opponent with no voters\nor collect 300 news, hype or money"
503,111,Virginia,Charlottesville,"Virginia\nCharlottesville\nLeave opponent with no voters\nor collect 300 news, hype or money"
504,104,Virginia,Blacksburg,"Virginia\nBlacksburg\nLeave opponent with no voters\nor collect 300 news, hype or money"
505,97,Virginia,Christiansburg,"Virginia\nChristiansburg\nLeave opponent with no voters\nor collect 100 news, hype or money"
506,90,Virginia,Radford,"Virginia\nRadford\nLeave opponent with no voters\nor collect 100 news, hype or money"
507,83,Virginia,Winchester,"Virginia\nWinchester\nLeave opponent with no voters\nor collect 100 news, hype or money"
508,76,Virginia,Harrisonburg,"Virginia\nHarrisonburg\nLeave opponent with no voters\nor collect 100 news, hype or money"
509,402,Washington,Seattle,"Washington\nSeattle\nLeave opponent with no voters\nor collect 300 news, hype or money"
510,152,Washington,Tacoma,"Washington\nTacoma\nLeave opponent with no voters\nor collect 300 news, hype or money"
511,145,Washington,Bellevue,"Washington\nBellevue\nLeave opponent with no voters\nor collect 300 news, hype or money"
512,138,Washington,Vancouver,"Washington\nVancouver\nLeave opponent with no voters\nor collect 300 news, hype or money"
513,131,Washington,Hillsboro,"Washington\nHillsboro\nLeave opponent with no voters\nor collect 300 news, hype or money"
514,124,Washington,Spokane,"Washington\nSpokane\nLeave opponent with no voters\nor collect 300 news, hype or money"
515,117,Washington,Spokane Valley,"Washington\nSpokane Valley\nLeave opponent with no voters\nor collect 300 news, hype or money"
516,110,Washington,Kennewick,"Washington\nKennewick\nLeave opponent with no voters\nor collect 300 news, hype or money"
517,103,Washington,Richland,"Washington\nRichland\nLeave opponent with no voters\nor collect 300 news, hype or money"
518,96,Washington,Olympia,"Washington\nOlympia\nLeave opponent with no voters\nor collect 100 news, hype or money"
519,89,Washington,Tumwater,"Washington\nTumwater\nLeave opponent with no voters\nor collect 100 news, hype or money"
520,82,Washington,Bremerton,"Washington\nBremerton\nLeave opponent with no voters\nor collect 100 news, hype or money"
521,215,West Virginia,Huntington,"West Virginia\nHuntington\nLeave opponent with no voters\nor collect 300 news, hype or money"
522,212,West Virginia,Martinsburg,"West Virginia\nMartinsburg\nLeave opponent with no voters\nor collect 300 news, hype or money"
523,209,West Virginia,Charleston,"West Virginia\nCharleston\nLeave opponent with no voters\nor collect 300 news, hype or money"
524,206,West Virginia,Wheeling,"West Virginia\nWheeling\nLeave opponent with no voters\nor collect 300 news, hype or money"
525,203,West Virginia,Morgantown,"West Virginia\nMorgantown\nLeave opponent with no voters\nor collect 300 news, hype or money"
526,354,Wisconsin,St. Paul,"Wisconsin\nSt. Paul\nLeave opponent with no voters\nor collect 300 news, hype or money"
527,350,Wisconsin,Bloomington,"Wisconsin\nBloomington\nLeave opponent with no voters\nor collect 300 news, hype or money"
528,346,Wisconsin,Milwaukee,"Wisconsin\nMilwaukee\nLeave opponent with no voters\nor collect 300 news, hype or money"
529,342,Wisconsin,Waukesha,"Wisconsin\nWaukesha\nLeave opponent with no voters\nor collect 300 news, hype or money"
530,338,Wisconsin,West Allis,"Wisconsin\nWest Allis\nLeave opponent with no voters\nor collect 300 news, hype or money"
531,334,Wisconsin,Madison,"Wisconsin\nMadison\nLeave opponent with no voters\nor collect 300 news, hype or money"
532,330,Wisconsin,Green Bay,"Wisconsin\nGreen Bay\nLeave opponent with no voters\nor collect 300 news, hype or money"
533,326,Wisconsin,Appleton,"Wisconsin\nAppleton\nLeave opponent with no voters\nor collect 300 news, hype or money"
